<?xml version="1.0" encoding="UTF-8" ?>
<install type="package" version="1.6" method="upgrade">
	<name>BS MyJspace</name>
	<packagename>BSMyJspace</packagename>
	<creationDate>20/12/2011</creationDate>
	<author>Bernard Saulme</author>
	<version>1.7.5</version>
	<url>http://bernard.saulme.free.fr</url>
	<packager>Bernard Saulme</packager>
	<packagerurl>http://bernard.saulme.free.fr</packagerurl>
	<description>BS MyJspace Pack</description>
	<update>http://bernard.saulme.free.fr/download/download_myjspacepack.xml</update>
	<files folder="">
		<file type="component"	id="com_myjspace">com_myjspace-1.7.5b249.zip</file>				
		<file type="plugin"		id="pagebreakmyjspace" group="content">plg_pagebreakmyjspace_1.7.3b13.zip</file>
		<file type="plugin"		id="myjspacesearch" group="search">plg_search_myjspace_1.7.1b3.zip</file>
		<file type="module"		id="mod_myjspace" client="site">mod_myjspace-1.7.0b23.zip</file>		
		<file type="module"		id="mod_viewmyjspace" client="site">mod_viewmyjspace-1.7.2b32.zip</file>
	</files>
</install>