<?xml version="1.0" encoding="utf-8"?>
<!DOCTYPE install SYSTEM "http://dev.joomla.org/xml/1.5/component-install.dtd">
<extension type="component" version="1.6.0" client="site" method="upgrade">
	<name>COM_UAM</name>
	<!-- The following elements are optional and free of formatting conttraints -->
	<creationDate>2011-12-17</creationDate>
	<author>Rob Sykes</author>
	<authorEmail>robsykes63@gmx.com</authorEmail>
	<copyright></copyright>
	<license>GPLv2</license>
	<!--  The version string is recorded in the components table -->
	<version>0.09a</version>
	<!-- The description is optional and defaults to the name -->
	<description><![CDATA[The <big>User Article Manager (UAM)</big> component displays an article list, allowing users to edit, copy, publish, trash and have better overall control of their articles.<br />
<br />
<br />Project forked from the original Frontend User Article Manager (FUAL v2.0b) by Felipe Quinto Busanello
<br />
<br />
<br /><strong>Translations included:</strong>
<br />Fran&ccedil;ais - Marc Bénita (frontend)
<br />Deutsch - Jojo Murer
<br />Español  - Marcos J. Diep
<br />Italiano  - Luca Ratti (frontend)
<br />Русский язык - Vladimir, JanRUmoN Team
<br />Nederlands - Daniel van Keulen
<br />
<br />
<br />If you like the UAM and find it useful then you can say thank-you below
<br />
<br />
<form action="https://www.paypal.com/cgi-bin/webscr" method="post">
<input type="hidden" name="cmd" value="_s-xclick">
<input type="hidden" name="hosted_button_id" value="XUMEANJBX9USA">
<input type="image" src="https://www.paypalobjects.com/en_US/GB/i/btn/btn_donateCC_LG.gif" border="0" name="submit" alt="PayPal — The safer, easier way to pay online.">
<img alt="" border="0" src="https://www.paypalobjects.com/en_GB/i/scr/pixel.gif" width="1" height="1">
</form>
<br />
<br />
]]></description>

	<scriptfile>script.php</scriptfile>	
	
	<!-- Site Main File Copy Section -->
	<files folder="site">
	
		<filename>assets/css/index.html</filename>
		<filename>assets/css/style.css</filename>
		
		<filename>assets/images/background_edit_alias_form.png</filename>
		<filename>assets/images/ico_alias.png</filename>
		<filename>assets/images/ico_article_add.png</filename>
		<filename>assets/images/ico_copy.png</filename>
		<filename>assets/images/ico_edit.png</filename>
		<filename>assets/images/ico_edit_unpublished.png</filename>
		<filename>assets/images/ico_restore.png</filename>
		<filename>assets/images/ico_trash.png</filename>
		<filename>assets/images/bw_ico_alias.png</filename>
		<filename>assets/images/bw_ico_edit.png</filename>
		<filename>assets/images/bw_ico_restore.png</filename>
		<filename>assets/images/bw_ico_trash.png</filename>
		<filename>assets/images/index.html</filename>
		<filename>assets/images/publish_g.png</filename>
		<filename>assets/images/publish_r.png</filename>
		<filename>assets/images/bw_publish_g.png</filename>
		<filename>assets/images/bw_publish_r.png</filename>
		<filename>assets/images/ico_featured.png</filename>
		<filename>assets/images/bw_ico_featured.png</filename>
		<filename>assets/images/ico_not_featured.png</filename>
		<filename>assets/images/bw_ico_not_featured.png</filename>
		
		<filename>assets/javascript/index.html</filename>
		<filename>assets/javascript/script.js</filename>
		
		<filename>models/uam.php</filename>
		<filename>models/index.html</filename>
		
		<filename>views/uam/tmpl/default.php</filename>
		<filename>views/uam/tmpl/default.xml</filename>
		<filename>views/uam/tmpl/default_edit_alias.php</filename>
		<filename>views/uam/tmpl/index.html</filename>
		<filename>views/uam/index.html</filename>
		<filename>views/uam/view.html.php</filename>
		<filename>views/index.html</filename>
		
		<filename>controller.php</filename>
		<filename>uam.php</filename>
		<filename>index.html</filename>
		
	</files>
	
	<languages folder="site">
		<language tag="en-GB">language/en-GB/en-GB.com_uam.ini</language>
		<language tag="fr-FR">language/fr-FR/fr-FR.com_uam.ini</language>
		<language tag="de-DE">language/de-DE/de-DE.com_uam.ini</language>
		<language tag="es-ES">language/es-ES/es-ES.com_uam.ini</language>
		<language tag="it-IT">language/it-IT/it-IT.com_uam.ini</language>
		<language tag="ru-RU">language/ru-RU/ru-RU.com_uam.ini</language>
		<language tag="nl-NL">language/nl-NL/nl-NL.com_uam.ini</language>
	</languages>
	
	<administration>
		<menu img="components/com_uam/assets/images/logouam_18.png">COM_UAM</menu>
		<files folder="admin">
		<!-- Site Main File Copy Section -->
			<filename>assets/css/index.html</filename>
			<filename>assets/css/style.css</filename>
			
			<filename>assets/index.html</filename>
			
			<filename>assets/images/index.html</filename>
			<filename>assets/images/logouam.png</filename>
			<filename>assets/images/logouam_18.png</filename>
			
			<filename>views/uam/tmpl/default.php</filename>
			<filename>views/uam/tmpl/index.html</filename>
			<filename>views/uam/index.html</filename>
			<filename>views/uam/view.html.php</filename>
			<filename>views/index.html</filename>
			
			<filename>tables/uam.php</filename>
			<filename>tables/index.html</filename>
			
			<filename>admin.uam.php</filename>
			<filename>config.xml</filename>
			<filename>controller.php</filename>
			<filename>LICENSE.txt</filename>
			<filename>index.html</filename>
		</files>

		<!-- Administration Language File Copy Section -->
		<languages folder="admin">
			<language tag="en-GB">language/en-GB/en-GB.com_uam.ini</language>
			<language tag="en-GB">language/en-GB/en-GB.com_uam.sys.ini</language>
			<language tag="de-DE">language/de-DE/de-DE.com_uam.ini</language>
			<language tag="de-DE">language/de-DE/de-DE.com_uam.sys.ini</language>
			<language tag="es-ES">language/es-ES/es-ES.com_uam.ini</language>
			<language tag="es-ES">language/es-ES/es-ES.com_uam.sys.ini</language>
			<language tag="ru-RU">language/ru-RU/ru-RU.com_uam.ini</language>
			<language tag="ru-RU">language/ru-RU/ru-RU.com_uam.sys.ini</language>
			<language tag="nl-NL">language/nl-NL/nl-NL.com_uam.ini</language>
			<language tag="nl-NL">language/nl-NL/nl-NL.com_uam.sys.ini</language>
        </languages>
	</administration>
</extension>
